worker_id,experience_level,primary_skill
1,Beginner,Web Development
2,Beginner,App Development
3,Beginner,Web Development
4,Intermediate,Data Entry
5,Expert,Digital Marketing
6,Beginner,Customer Support
7,Beginner,Web Development
8,Beginner,Data Entry
9,Intermediate,Content Writing
10,Beginner,Data Entry
11,Beginner,App Development
12,Intermediate,Customer Support
13,Intermediate,Customer Support
14,Beginner,Data Entry
15,Beginner,App Development
16,Intermediate,Data Entry
17,Expert,Customer Support
18,Intermediate,Customer Support
19,Expert,Graphic Design
20,Beginner,Data Entry
21,Beginner,Seo
22,Expert,Data Entry
23,Intermediate,Customer Support
24,Beginner,Graphic Design
25,Expert,Graphic Design
26,Intermediate,Content Writing
27,Expert,App Development
28,Intermediate,Digital Marketing
29,Intermediate,Web Development
30,Intermediate,Web Development
31,Intermediate,Data Entry
32,Expert,Content Writing
33,Expert,Data Entry
34,Expert,Web Development
35,Expert,App Development
36,Expert,Customer Support
37,Intermediate,App Development
38,Beginner,App Development
39,Beginner,Graphic Design
40,Expert,Customer Support
41,Expert,Digital Marketing
42,Beginner,Customer Support
43,Intermediate,Content Writing
44,Expert,Graphic Design
45,Intermediate,Digital Marketing
46,Beginner,Content Writing
47,Beginner,Content Writing
48,Expert,Web Development
49,Intermediate,Graphic Design
50,Expert,Content Writing
51,Beginner,Seo
52,Intermediate,App Development
53,Expert,Content Writing
54,Expert,Digital Marketing
55,Expert,Web Development
56,Beginner,Data Entry
57,Expert,App Development
58,Intermediate,Web Development
59,Expert,Data Entry
60,Beginner,Graphic Design
61,Expert,Graphic Design
62,Beginner,Content Writing
63,Beginner,Seo
64,Intermediate,Graphic Design
65,Intermediate,Customer Support
66,Expert,Content Writing
67,Beginner,App Development
68,Beginner,Web Development
69,Intermediate,Graphic Design
70,Intermediate,Customer Support
71,Expert,Web Development
72,Beginner,Web Development
73,Intermediate,Seo
74,Expert,Graphic Design
75,Beginner,Web Development
76,Beginner,Seo
77,Intermediate,Seo
78,Expert,Graphic Design
79,Intermediate,Seo
80,Expert,Graphic Design
81,Beginner,Customer Support
82,Expert,Graphic Design
83,Expert,Data Entry
84,Expert,Web Development
85,Expert,Customer Support
86,Expert,Digital Marketing
87,Intermediate,Graphic Design
88,Expert,Web Development
89,Expert,App Development
90,Beginner,Seo
91,Expert,Content Writing
92,Beginner,Graphic Design
93,Intermediate,Seo
94,Intermediate,Seo
95,Expert,Seo
96,Intermediate,Seo
97,Expert,Seo
98,Intermediate,Graphic Design
99,Expert,App Development
100,Expert,Digital Marketing
101,Beginner,Data Entry
102,Beginner,Seo
103,Beginner,Seo
104,Beginner,Data Entry
105,Expert,App Development
106,Intermediate,Customer Support
107,Expert,App Development
108,Beginner,Customer Support
109,Beginner,Graphic Design
110,Intermediate,Web Development
111,Beginner,Content Writing
112,Expert,Content Writing
113,Expert,Web Development
114,Expert,Graphic Design
115,Expert,Content Writing
116,Expert,App Development
117,Intermediate,Data Entry
118,Expert,Web Development
119,Beginner,App Development
120,Beginner,Digital Marketing
121,Beginner,Graphic Design
122,Beginner,Web Development
123,Intermediate,Content Writing
124,Beginner,Graphic Design
125,Intermediate,Data Entry
126,Beginner,Graphic Design
127,Intermediate,Graphic Design
128,Intermediate,Data Entry
129,Intermediate,Seo
130,Beginner,Data Entry
131,Intermediate,App Development
132,Expert,Graphic Design
133,Expert,Customer Support
134,Beginner,Data Entry
135,Expert,Seo
136,Expert,App Development
137,Expert,Customer Support
138,Beginner,Customer Support
139,Beginner,Web Development
140,Expert,Data Entry
141,Beginner,Data Entry
142,Intermediate,Graphic Design
143,Expert,App Development
144,Beginner,Web Development
145,Beginner,Digital Marketing
146,Expert,Digital Marketing
147,Beginner,Content Writing
148,Expert,Data Entry
149,Beginner,Data Entry
150,Intermediate,Web Development
151,Expert,Seo
152,Intermediate,Digital Marketing
153,Expert,Content Writing
154,Beginner,Web Development
155,Intermediate,Data Entry
156,Beginner,Digital Marketing
157,Expert,App Development
158,Expert,Content Writing
159,Expert,Graphic Design
160,Expert,Digital Marketing
161,Expert,Content Writing
162,Intermediate,Web Development
163,Expert,Graphic Design
164,Beginner,Content Writing
165,Intermediate,Content Writing
166,Beginner,Customer Support
167,Expert,Customer Support
168,Beginner,Customer Support
169,Intermediate,Data Entry
170,Intermediate,Seo
171,Intermediate,Digital Marketing
172,Beginner,Data Entry
173,Intermediate,App Development
174,Beginner,Graphic Design
175,Expert,Seo
176,Expert,Content Writing
177,Beginner,Data Entry
178,Intermediate,Customer Support
179,Beginner,Seo
180,Beginner,App Development
181,Beginner,Digital Marketing
182,Expert,App Development
183,Beginner,Graphic Design
184,Expert,Web Development
185,Beginner,Data Entry
186,Expert,Customer Support
187,Beginner,Graphic Design
188,Beginner,Web Development
189,Intermediate,Customer Support
190,Intermediate,Customer Support
191,Beginner,Customer Support
192,Beginner,Data Entry
193,Beginner,Graphic Design
194,Beginner,Customer Support
195,Intermediate,App Development
196,Expert,Graphic Design
197,Beginner,Seo
198,Intermediate,App Development
199,Beginner,Data Entry
200,Beginner,Customer Support
201,Expert,Graphic Design
202,Beginner,Content Writing
203,Beginner,Data Entry
204,Expert,Graphic Design
205,Expert,Seo
206,Expert,Customer Support
207,Expert,Web Development
208,Intermediate,Customer Support
209,Intermediate,Web Development
210,Intermediate,Content Writing
211,Beginner,Data Entry
212,Expert,Seo
213,Expert,Graphic Design
214,Intermediate,Graphic Design
215,Beginner,Web Development
216,Beginner,Seo
217,Beginner,App Development
218,Intermediate,Content Writing
219,Beginner,Web Development
220,Beginner,Web Development
221,Beginner,Content Writing
222,Expert,Data Entry
223,Intermediate,Graphic Design
224,Expert,Data Entry
225,Expert,Seo
226,Intermediate,App Development
227,Expert,Customer Support
228,Beginner,Digital Marketing
229,Beginner,Digital Marketing
230,Beginner,Digital Marketing
231,Beginner,Content Writing
232,Intermediate,Web Development
233,Expert,App Development
234,Expert,Data Entry
235,Beginner,Customer Support
236,Beginner,Graphic Design
237,Expert,Digital Marketing
238,Intermediate,Data Entry
239,Expert,Digital Marketing
240,Beginner,App Development
241,Beginner,Digital Marketing
242,Intermediate,Graphic Design
243,Expert,Customer Support
244,Intermediate,Seo
245,Intermediate,Seo
246,Beginner,App Development
247,Expert,Seo
248,Beginner,Content Writing
249,Expert,Web Development
250,Beginner,Content Writing
251,Beginner,Data Entry
252,Expert,Content Writing
253,Expert,Data Entry
254,Beginner,Data Entry
255,Expert,Web Development
256,Beginner,Graphic Design
257,Expert,Customer Support
258,Beginner,App Development
259,Beginner,Web Development
260,Beginner,App Development
261,Intermediate,Seo
262,Expert,Seo
263,Beginner,Content Writing
264,Intermediate,Data Entry
265,Beginner,Digital Marketing
266,Intermediate,Digital Marketing
267,Beginner,App Development
268,Beginner,Data Entry
269,Intermediate,App Development
270,Intermediate,Web Development
271,Expert,Graphic Design
272,Expert,Customer Support
273,Intermediate,Web Development
274,Expert,Data Entry
275,Intermediate,Data Entry
276,Expert,Graphic Design
277,Beginner,App Development
278,Expert,Content Writing
279,Beginner,Content Writing
280,Beginner,Graphic Design
281,Expert,Content Writing
282,Intermediate,Digital Marketing
283,Beginner,Content Writing
284,Beginner,Content Writing
285,Expert,Content Writing
286,Intermediate,Digital Marketing
287,Intermediate,App Development
288,Expert,Content Writing
289,Intermediate,Seo
290,Expert,Digital Marketing
291,Expert,Graphic Design
292,Expert,Web Development
293,Beginner,Graphic Design
294,Beginner,Web Development
295,Beginner,Customer Support
296,Expert,Graphic Design
297,Beginner,Seo
298,Beginner,Web Development
299,Beginner,Web Development
300,Expert,Data Entry
301,Expert,Web Development
302,Expert,Web Development
303,Beginner,Data Entry
304,Intermediate,Content Writing
305,Beginner,Content Writing
306,Beginner,Data Entry
307,Expert,Digital Marketing
308,Expert,Customer Support
309,Beginner,Web Development
310,Beginner,Web Development
311,Intermediate,Data Entry
312,Intermediate,Data Entry
313,Expert,Digital Marketing
314,Intermediate,Seo
315,Intermediate,Content Writing
316,Expert,Graphic Design
317,Intermediate,Seo
318,Beginner,App Development
319,Intermediate,Content Writing
320,Expert,Web Development
321,Beginner,App Development
322,Intermediate,Seo
323,Beginner,Data Entry
324,Beginner,Digital Marketing
325,Intermediate,Content Writing
326,Intermediate,Digital Marketing
327,Expert,App Development
328,Expert,Content Writing
329,Beginner,Customer Support
330,Expert,Customer Support
331,Beginner,Seo
332,Beginner,Web Development
333,Expert,Customer Support
334,Expert,Customer Support
335,Expert,Graphic Design
336,Intermediate,Digital Marketing
337,Beginner,Digital Marketing
338,Beginner,Customer Support
339,Beginner,Graphic Design
340,Expert,Digital Marketing
341,Expert,Digital Marketing
342,Expert,Content Writing
343,Expert,Content Writing
344,Expert,Graphic Design
345,Intermediate,App Development
346,Expert,Web Development
347,Beginner,Seo
348,Expert,Customer Support
349,Beginner,Customer Support
350,Expert,Seo
351,Expert,Customer Support
352,Beginner,Customer Support
353,Beginner,App Development
354,Beginner,Digital Marketing
355,Beginner,Web Development
356,Intermediate,Customer Support
357,Beginner,Graphic Design
358,Expert,App Development
359,Expert,Customer Support
360,Intermediate,Graphic Design
361,Beginner,Content Writing
362,Expert,Digital Marketing
363,Intermediate,Data Entry
364,Expert,Customer Support
365,Intermediate,Graphic Design
366,Intermediate,App Development
367,Beginner,Digital Marketing
368,Intermediate,Web Development
369,Expert,App Development
370,Expert,Content Writing
371,Beginner,Seo
372,Beginner,Customer Support
373,Intermediate,Web Development
374,Beginner,Graphic Design
375,Expert,Customer Support
376,Expert,Graphic Design
377,Beginner,Web Development
378,Beginner,Graphic Design
379,Beginner,App Development
380,Intermediate,Digital Marketing
381,Intermediate,Graphic Design
382,Expert,Content Writing
383,Intermediate,Digital Marketing
384,Intermediate,App Development
385,Intermediate,Customer Support
386,Intermediate,Data Entry
387,Expert,Customer Support
388,Beginner,Graphic Design
389,Expert,Graphic Design
390,Intermediate,Content Writing
391,Beginner,App Development
392,Beginner,Content Writing
393,Beginner,Seo
394,Expert,App Development
395,Beginner,Web Development
396,Expert,Web Development
397,Expert,Web Development
398,Intermediate,Content Writing
399,Intermediate,Web Development
400,Beginner,App Development
401,Beginner,Web Development
402,Intermediate,Data Entry
403,Expert,Web Development
404,Expert,Graphic Design
405,Intermediate,Seo
406,Expert,Content Writing
407,Intermediate,Digital Marketing
408,Intermediate,Seo
409,Beginner,Data Entry
410,Beginner,Content Writing
411,Intermediate,App Development
412,Beginner,Customer Support
413,Intermediate,Content Writing
414,Expert,Graphic Design
415,Expert,App Development
416,Expert,Seo
417,Expert,Seo
418,Intermediate,Web Development
419,Expert,App Development
420,Expert,Customer Support
421,Expert,Graphic Design
422,Expert,Web Development
423,Intermediate,Web Development
424,Expert,Customer Support
425,Beginner,Content Writing
426,Beginner,Seo
427,Beginner,Web Development
428,Beginner,Data Entry
429,Beginner,Data Entry
430,Beginner,Seo
431,Intermediate,Data Entry
432,Beginner,Customer Support
433,Expert,Content Writing
434,Beginner,Graphic Design
435,Intermediate,Digital Marketing
436,Beginner,Web Development
437,Expert,Digital Marketing
438,Expert,Graphic Design
439,Intermediate,Graphic Design
440,Intermediate,Customer Support
441,Intermediate,Content Writing
442,Intermediate,Data Entry
443,Beginner,Data Entry
444,Beginner,Customer Support
445,Expert,Graphic Design
446,Intermediate,Content Writing
447,Intermediate,Content Writing
448,Beginner,Seo
449,Intermediate,App Development
450,Expert,Web Development
451,Expert,Customer Support
452,Intermediate,App Development
453,Expert,Customer Support
454,Expert,Data Entry
455,Beginner,Graphic Design
456,Expert,Customer Support
457,Intermediate,Customer Support
458,Intermediate,Seo
459,Expert,Digital Marketing
460,Intermediate,Data Entry
461,Beginner,Web Development
462,Expert,Content Writing
463,Expert,Graphic Design
464,Expert,Data Entry
465,Intermediate,Digital Marketing
466,Intermediate,Customer Support
467,Expert,Web Development
468,Intermediate,Customer Support
469,Intermediate,Web Development
470,Expert,Seo
471,Expert,Customer Support
472,Intermediate,Data Entry
473,Expert,Digital Marketing
474,Expert,Web Development
475,Expert,Graphic Design
476,Expert,Web Development
477,Intermediate,Digital Marketing
478,Expert,Content Writing
479,Beginner,Content Writing
480,Expert,Seo
481,Beginner,Data Entry
482,Expert,Digital Marketing
483,Beginner,Seo
484,Beginner,App Development
485,Expert,Web Development
486,Expert,App Development
487,Expert,Web Development
488,Beginner,Content Writing
489,Intermediate,Seo
490,Intermediate,Content Writing
491,Expert,Graphic Design
492,Intermediate,App Development
493,Intermediate,App Development
494,Expert,Content Writing
495,Beginner,Graphic Design
496,Expert,Web Development
497,Intermediate,Seo
498,Beginner,Graphic Design
499,Intermediate,Seo
500,Beginner,App Development
501,Intermediate,Seo
502,Expert,App Development
503,Intermediate,Graphic Design
504,Intermediate,App Development
505,Beginner,Customer Support
506,Intermediate,Data Entry
507,Expert,App Development
508,Expert,Content Writing
509,Expert,Graphic Design
510,Beginner,Customer Support
511,Beginner,Web Development
512,Intermediate,Seo
513,Intermediate,Customer Support
514,Intermediate,Digital Marketing
515,Beginner,Customer Support
516,Beginner,Graphic Design
517,Intermediate,Customer Support
518,Beginner,Customer Support
519,Beginner,Content Writing
520,Expert,App Development
521,Expert,Seo
522,Intermediate,Data Entry
523,Intermediate,Web Development
524,Expert,Data Entry
525,Beginner,Customer Support
526,Intermediate,Digital Marketing
527,Intermediate,Graphic Design
528,Intermediate,Seo
529,Beginner,Graphic Design
530,Expert,Content Writing
531,Intermediate,Graphic Design
532,Expert,Web Development
533,Expert,Digital Marketing
534,Beginner,Data Entry
535,Beginner,Customer Support
536,Beginner,Customer Support
537,Beginner,Digital Marketing
538,Beginner,Seo
539,Beginner,Graphic Design
540,Intermediate,Seo
541,Expert,Data Entry
542,Beginner,Seo
543,Intermediate,Content Writing
544,Expert,Digital Marketing
545,Beginner,Data Entry
546,Beginner,Data Entry
547,Intermediate,App Development
548,Expert,Data Entry
549,Beginner,App Development
550,Expert,Web Development
551,Intermediate,Customer Support
552,Beginner,App Development
553,Expert,Digital Marketing
554,Intermediate,Seo
555,Intermediate,App Development
556,Beginner,Data Entry
557,Expert,Digital Marketing
558,Beginner,App Development
559,Beginner,App Development
560,Expert,Data Entry
561,Expert,Content Writing
562,Expert,Content Writing
563,Intermediate,App Development
564,Intermediate,Content Writing
565,Expert,Graphic Design
566,Intermediate,Data Entry
567,Beginner,Graphic Design
568,Expert,Digital Marketing
569,Beginner,Graphic Design
570,Expert,Digital Marketing
571,Beginner,App Development
572,Expert,Digital Marketing
573,Beginner,Digital Marketing
574,Expert,Seo
575,Expert,Graphic Design
576,Intermediate,Seo
577,Beginner,App Development
578,Intermediate,Data Entry
579,Beginner,Graphic Design
580,Intermediate,Data Entry
581,Expert,Data Entry
582,Intermediate,Digital Marketing
583,Intermediate,Customer Support
584,Expert,Graphic Design
585,Intermediate,Data Entry
586,Expert,Customer Support
587,Beginner,Content Writing
588,Intermediate,Data Entry
589,Expert,Content Writing
590,Expert,Graphic Design
591,Intermediate,App Development
592,Beginner,Seo
593,Intermediate,Graphic Design
594,Expert,Seo
595,Beginner,Seo
596,Intermediate,Graphic Design
597,Expert,Data Entry
598,Intermediate,Web Development
599,Beginner,Data Entry
600,Beginner,Data Entry
601,Beginner,App Development
602,Beginner,Digital Marketing
603,Beginner,Digital Marketing
604,Intermediate,Data Entry
605,Beginner,Content Writing
606,Beginner,App Development
607,Expert,Seo
608,Beginner,Customer Support
609,Expert,Digital Marketing
610,Expert,Data Entry
611,Expert,App Development
612,Intermediate,Web Development
613,Intermediate,Content Writing
614,Expert,Graphic Design
615,Intermediate,Data Entry
616,Beginner,App Development
617,Intermediate,Data Entry
618,Beginner,Customer Support
619,Beginner,Seo
620,Intermediate,Content Writing
621,Intermediate,Digital Marketing
622,Expert,Digital Marketing
623,Intermediate,Digital Marketing
624,Intermediate,Customer Support
625,Intermediate,Graphic Design
626,Beginner,App Development
627,Beginner,Content Writing
628,Beginner,Content Writing
629,Expert,Digital Marketing
630,Expert,Digital Marketing
631,Expert,Seo
632,Beginner,Customer Support
633,Intermediate,Web Development
634,Expert,Web Development
635,Expert,Data Entry
636,Beginner,Data Entry
637,Expert,Content Writing
638,Intermediate,Content Writing
639,Beginner,Graphic Design
640,Beginner,Graphic Design
641,Intermediate,Web Development
642,Intermediate,Customer Support
643,Intermediate,Data Entry
644,Expert,Web Development
645,Intermediate,Customer Support
646,Beginner,Web Development
647,Intermediate,Data Entry
648,Beginner,App Development
649,Beginner,Graphic Design
650,Expert,Seo
651,Intermediate,Seo
652,Expert,Seo
653,Intermediate,Data Entry
654,Intermediate,Digital Marketing
655,Intermediate,Digital Marketing
656,Intermediate,Digital Marketing
657,Intermediate,Content Writing
658,Beginner,Graphic Design
659,Beginner,Graphic Design
660,Intermediate,App Development
661,Beginner,App Development
662,Expert,Content Writing
663,Expert,Web Development
664,Expert,Customer Support
665,Intermediate,App Development
666,Intermediate,Seo
667,Beginner,Digital Marketing
668,Beginner,Seo
669,Beginner,Digital Marketing
670,Expert,Seo
671,Expert,Web Development
672,Expert,Customer Support
673,Expert,Seo
674,Beginner,Seo
675,Intermediate,Data Entry
676,Intermediate,Customer Support
677,Expert,Seo
678,Intermediate,Data Entry
679,Intermediate,Graphic Design
680,Intermediate,Customer Support
681,Expert,Content Writing
682,Beginner,Customer Support
683,Beginner,Customer Support
684,Intermediate,Seo
685,Beginner,Graphic Design
686,Beginner,Customer Support
687,Expert,App Development
688,Expert,App Development
689,Intermediate,Data Entry
690,Intermediate,Seo
691,Intermediate,Seo
692,Expert,Customer Support
693,Beginner,Web Development
694,Expert,Graphic Design
695,Expert,Digital Marketing
696,Beginner,Digital Marketing
697,Beginner,Web Development
698,Intermediate,Data Entry
699,Beginner,Digital Marketing
700,Beginner,Customer Support
701,Beginner,Digital Marketing
702,Beginner,App Development
703,Intermediate,App Development
704,Intermediate,Content Writing
705,Beginner,Graphic Design
706,Beginner,Data Entry
707,Intermediate,Seo
708,Intermediate,Graphic Design
709,Beginner,Data Entry
710,Expert,Digital Marketing
711,Intermediate,Content Writing
712,Intermediate,Graphic Design
713,Intermediate,Digital Marketing
714,Beginner,Data Entry
715,Beginner,Graphic Design
716,Intermediate,Seo
717,Beginner,Graphic Design
718,Beginner,Digital Marketing
719,Intermediate,Customer Support
720,Beginner,Customer Support
721,Expert,Graphic Design
722,Beginner,Seo
723,Beginner,Content Writing
724,Intermediate,Content Writing
725,Intermediate,Customer Support
726,Expert,Digital Marketing
727,Beginner,Data Entry
728,Expert,Digital Marketing
729,Expert,Content Writing
730,Intermediate,Web Development
731,Beginner,Web Development
732,Intermediate,Graphic Design
733,Expert,Seo
734,Expert,Customer Support
735,Intermediate,App Development
736,Intermediate,App Development
737,Intermediate,App Development
738,Intermediate,Graphic Design
739,Intermediate,Web Development
740,Expert,Content Writing
741,Intermediate,Graphic Design
742,Beginner,App Development
743,Expert,App Development
744,Expert,Customer Support
745,Beginner,Digital Marketing
746,Beginner,App Development
747,Expert,Seo
748,Intermediate,App Development
749,Expert,Digital Marketing
750,Expert,App Development
751,Beginner,Seo
752,Expert,Content Writing
753,Intermediate,Graphic Design
754,Beginner,Seo
755,Expert,Digital Marketing
756,Expert,Graphic Design
757,Intermediate,Graphic Design
758,Expert,Digital Marketing
759,Expert,Customer Support
760,Expert,Web Development
761,Expert,App Development
762,Intermediate,Seo
763,Expert,Digital Marketing
764,Expert,Content Writing
765,Expert,Data Entry
766,Beginner,Digital Marketing
767,Intermediate,App Development
768,Beginner,App Development
769,Beginner,Graphic Design
770,Intermediate,Graphic Design
771,Beginner,Digital Marketing
772,Beginner,Data Entry
773,Beginner,Customer Support
774,Intermediate,Digital Marketing
775,Expert,Data Entry
776,Intermediate,Customer Support
777,Intermediate,Data Entry
778,Intermediate,App Development
779,Beginner,App Development
780,Expert,App Development
781,Intermediate,Content Writing
782,Intermediate,App Development
783,Expert,Seo
784,Expert,Graphic Design
785,Expert,Graphic Design
786,Beginner,Data Entry
787,Expert,Graphic Design
788,Beginner,Web Development
789,Intermediate,Customer Support
790,Beginner,Data Entry
791,Expert,Graphic Design
792,Beginner,Web Development
793,Expert,Customer Support
794,Beginner,Content Writing
795,Intermediate,Graphic Design
796,Beginner,Web Development
797,Intermediate,Digital Marketing
798,Expert,Seo
799,Intermediate,Digital Marketing
800,Expert,Web Development
801,Expert,Data Entry
802,Intermediate,App Development
803,Intermediate,App Development
804,Beginner,App Development
805,Beginner,Customer Support
806,Intermediate,Data Entry
807,Intermediate,Customer Support
808,Intermediate,Graphic Design
809,Intermediate,App Development
810,Expert,Digital Marketing
811,Intermediate,Data Entry
812,Intermediate,Data Entry
813,Intermediate,App Development
814,Intermediate,Digital Marketing
815,Expert,Content Writing
816,Beginner,Data Entry
817,Beginner,App Development
818,Beginner,Seo
819,Beginner,Web Development
820,Beginner,Customer Support
821,Expert,Graphic Design
822,Beginner,Data Entry
823,Expert,Seo
824,Expert,Seo
825,Beginner,Data Entry
826,Beginner,Content Writing
827,Beginner,Web Development
828,Intermediate,Graphic Design
829,Expert,Data Entry
830,Beginner,Customer Support
831,Intermediate,Graphic Design
832,Expert,Digital Marketing
833,Intermediate,Seo
834,Intermediate,Seo
835,Beginner,Data Entry
836,Expert,Data Entry
837,Intermediate,Customer Support
838,Expert,Digital Marketing
839,Beginner,Content Writing
840,Expert,Data Entry
841,Intermediate,Seo
842,Intermediate,Graphic Design
843,Expert,Web Development
844,Intermediate,App Development
845,Intermediate,Graphic Design
846,Intermediate,Content Writing
847,Beginner,Web Development
848,Beginner,Graphic Design
849,Intermediate,Graphic Design
850,Expert,Digital Marketing
851,Beginner,App Development
852,Expert,Customer Support
853,Intermediate,Content Writing
854,Intermediate,Seo
855,Expert,Digital Marketing
856,Beginner,Web Development
857,Expert,App Development
858,Expert,Seo
859,Intermediate,Digital Marketing
860,Beginner,App Development
861,Expert,Customer Support
862,Beginner,Content Writing
863,Intermediate,Data Entry
864,Beginner,Customer Support
865,Intermediate,Data Entry
866,Beginner,Web Development
867,Expert,Data Entry
868,Intermediate,Digital Marketing
869,Expert,Web Development
870,Intermediate,Seo
871,Beginner,Customer Support
872,Beginner,Customer Support
873,Intermediate,Content Writing
874,Intermediate,Web Development
875,Intermediate,Seo
876,Beginner,Customer Support
877,Intermediate,Web Development
878,Intermediate,Graphic Design
879,Expert,Graphic Design
880,Intermediate,Web Development
881,Expert,Customer Support
882,Expert,App Development
883,Expert,Data Entry
884,Beginner,Graphic Design
885,Expert,App Development
886,Intermediate,App Development
887,Beginner,Content Writing
888,Beginner,Seo
889,Beginner,Digital Marketing
890,Beginner,Graphic Design
891,Beginner,Web Development
892,Beginner,Data Entry
893,Beginner,Digital Marketing
894,Expert,Seo
895,Intermediate,App Development
896,Intermediate,Seo
897,Expert,Customer Support
898,Expert,Graphic Design
899,Beginner,Seo
900,Beginner,Seo
901,Expert,Data Entry
902,Beginner,Customer Support
903,Intermediate,Customer Support
904,Intermediate,App Development
905,Beginner,Data Entry
906,Beginner,Data Entry
907,Beginner,Web Development
908,Intermediate,Seo
909,Beginner,Seo
910,Expert,Customer Support
911,Beginner,Seo
912,Expert,Content Writing
913,Beginner,Data Entry
914,Beginner,Digital Marketing
915,Intermediate,Customer Support
916,Expert,Graphic Design
917,Expert,Customer Support
918,Expert,App Development
919,Intermediate,Digital Marketing
920,Expert,App Development
921,Intermediate,Web Development
922,Beginner,Web Development
923,Beginner,App Development
924,Expert,Seo
925,Beginner,Digital Marketing
926,Beginner,Seo
927,Expert,Customer Support
928,Beginner,Content Writing
929,Expert,Web Development
930,Expert,Web Development
931,Beginner,Digital Marketing
932,Beginner,Web Development
933,Beginner,Content Writing
934,Beginner,Content Writing
935,Beginner,Content Writing
936,Intermediate,Graphic Design
937,Beginner,Content Writing
938,Intermediate,Content Writing
939,Expert,Graphic Design
940,Beginner,Seo
941,Beginner,Customer Support
942,Beginner,Data Entry
943,Expert,Web Development
944,Intermediate,Content Writing
945,Intermediate,Web Development
946,Beginner,Digital Marketing
947,Beginner,Web Development
948,Beginner,App Development
949,Beginner,Seo
950,Expert,Customer Support
951,Beginner,Graphic Design
952,Expert,Web Development
953,Beginner,Web Development
954,Intermediate,Web Development
955,Intermediate,Data Entry
956,Beginner,Data Entry
957,Beginner,Digital Marketing
958,Expert,Graphic Design
959,Beginner,Web Development
960,Beginner,Web Development
961,Beginner,Web Development
962,Intermediate,Web Development
963,Expert,Data Entry
964,Intermediate,Seo
965,Expert,Seo
966,Intermediate,Digital Marketing
967,Beginner,App Development
968,Intermediate,Content Writing
969,Intermediate,Graphic Design
970,Expert,Seo
971,Expert,App Development
972,Intermediate,Customer Support
973,Expert,Customer Support
974,Expert,Web Development
975,Expert,Customer Support
976,Expert,Seo
977,Expert,Digital Marketing
978,Intermediate,Content Writing
979,Expert,Seo
980,Beginner,Digital Marketing
981,Intermediate,Customer Support
982,Intermediate,Data Entry
983,Intermediate,Content Writing
984,Expert,Digital Marketing
985,Beginner,App Development
986,Expert,Seo
987,Intermediate,Data Entry
988,Intermediate,App Development
989,Intermediate,Digital Marketing
990,Intermediate,Digital Marketing
991,Expert,Customer Support
992,Beginner,App Development
993,Beginner,Seo
994,Intermediate,Content Writing
995,Beginner,Data Entry
996,Intermediate,Customer Support
997,Intermediate,Web Development
998,Beginner,Graphic Design
999,Intermediate,Content Writing
1000,Beginner,Customer Support
1001,Intermediate,Data Entry
1002,Beginner,App Development
1003,Intermediate,Digital Marketing
1004,Beginner,App Development
1005,Intermediate,Customer Support
1006,Intermediate,Data Entry
1007,Intermediate,App Development
1008,Beginner,App Development
1009,Expert,Graphic Design
1010,Intermediate,Seo
1011,Intermediate,Customer Support
1012,Beginner,Graphic Design
1013,Intermediate,Customer Support
1014,Intermediate,Web Development
1015,Intermediate,Web Development
1016,Intermediate,Graphic Design
1017,Expert,Content Writing
1018,Expert,Content Writing
1019,Intermediate,App Development
1020,Intermediate,App Development
1021,Intermediate,Digital Marketing
1022,Expert,Web Development
1023,Expert,Customer Support
1024,Beginner,Digital Marketing
1025,Beginner,Web Development
1026,Intermediate,Graphic Design
1027,Intermediate,Content Writing
1028,Expert,App Development
1029,Intermediate,Content Writing
1030,Intermediate,Graphic Design
1031,Expert,Digital Marketing
1032,Expert,Digital Marketing
1033,Expert,Data Entry
1034,Expert,App Development
1035,Beginner,App Development
1036,Expert,Customer Support
1037,Expert,App Development
1038,Intermediate,Web Development
1039,Intermediate,Digital Marketing
1040,Intermediate,Graphic Design
1041,Beginner,Digital Marketing
1042,Expert,Content Writing
1043,Expert,Web Development
1044,Beginner,App Development
1045,Expert,Customer Support
1046,Intermediate,Customer Support
1047,Beginner,Customer Support
1048,Expert,Seo
1049,Beginner,Data Entry
1050,Beginner,Web Development
1051,Expert,Content Writing
1052,Intermediate,App Development
1053,Expert,Content Writing
1054,Expert,Content Writing
1055,Intermediate,App Development
1056,Expert,Content Writing
1057,Expert,Customer Support
1058,Expert,Graphic Design
1059,Beginner,Data Entry
1060,Beginner,Seo
1061,Beginner,Content Writing
1062,Expert,Content Writing
1063,Intermediate,Digital Marketing
1064,Beginner,Data Entry
1065,Intermediate,Web Development
1066,Expert,Data Entry
1067,Beginner,Data Entry
1068,Expert,App Development
1069,Intermediate,App Development
1070,Beginner,App Development
1071,Beginner,Seo
1072,Beginner,Customer Support
1073,Beginner,Data Entry
1074,Intermediate,Seo
1075,Beginner,Content Writing
1076,Expert,App Development
1077,Beginner,Content Writing
1078,Intermediate,App Development
1079,Beginner,Graphic Design
1080,Intermediate,Seo
1081,Intermediate,Seo
1082,Expert,Customer Support
1083,Beginner,Web Development
1084,Beginner,Digital Marketing
1085,Beginner,Data Entry
1086,Expert,Web Development
1087,Expert,Seo
1088,Intermediate,Web Development
1089,Intermediate,Graphic Design
1090,Intermediate,Digital Marketing
1091,Expert,Customer Support
1092,Expert,Seo
1093,Expert,Seo
1094,Intermediate,Data Entry
1095,Expert,Customer Support
1096,Intermediate,Customer Support
1097,Intermediate,App Development
1098,Beginner,Digital Marketing
1099,Beginner,Graphic Design
1100,Beginner,Content Writing
1101,Intermediate,Web Development
1102,Beginner,Customer Support
1103,Beginner,Data Entry
1104,Beginner,Seo
1105,Expert,Content Writing
1106,Intermediate,Graphic Design
1107,Beginner,Digital Marketing
1108,Expert,Customer Support
1109,Expert,Web Development
1110,Expert,Customer Support
1111,Beginner,Data Entry
1112,Expert,Customer Support
1113,Intermediate,Customer Support
1114,Expert,Customer Support
1115,Expert,Seo
1116,Expert,Seo
1117,Expert,Content Writing
1118,Intermediate,Content Writing
1119,Beginner,Web Development
1120,Intermediate,Digital Marketing
1121,Intermediate,Graphic Design
1122,Beginner,App Development
1123,Expert,Digital Marketing
1124,Beginner,Digital Marketing
1125,Beginner,Digital Marketing
1126,Intermediate,App Development
1127,Beginner,Web Development
1128,Expert,App Development
1129,Intermediate,Web Development
1130,Expert,App Development
1131,Intermediate,Graphic Design
1132,Expert,Customer Support
1133,Beginner,Digital Marketing
1134,Beginner,Customer Support
1135,Beginner,Web Development
1136,Expert,App Development
1137,Intermediate,Graphic Design
1138,Intermediate,App Development
1139,Intermediate,Customer Support
1140,Beginner,Seo
1141,Expert,Graphic Design
1142,Intermediate,Digital Marketing
1143,Expert,Data Entry
1144,Intermediate,Digital Marketing
1145,Beginner,Data Entry
1146,Expert,Graphic Design
1147,Intermediate,Seo
1148,Intermediate,Customer Support
1149,Intermediate,Seo
1150,Intermediate,Web Development
1151,Beginner,Seo
1152,Intermediate,Content Writing
1153,Intermediate,Graphic Design
1154,Beginner,Customer Support
1155,Intermediate,Customer Support
1156,Expert,Web Development
1157,Expert,Customer Support
1158,Intermediate,Seo
1159,Beginner,Graphic Design
1160,Beginner,Digital Marketing
1161,Beginner,Seo
1162,Intermediate,App Development
1163,Intermediate,Data Entry
1164,Expert,Graphic Design
1165,Beginner,Customer Support
1166,Intermediate,Web Development
1167,Intermediate,Digital Marketing
1168,Intermediate,Content Writing
1169,Beginner,Digital Marketing
1170,Beginner,Seo
1171,Expert,Data Entry
1172,Beginner,Digital Marketing
1173,Intermediate,Content Writing
1174,Expert,App Development
1175,Beginner,Web Development
1176,Beginner,Graphic Design
1177,Beginner,Data Entry
1178,Beginner,Content Writing
1179,Intermediate,Customer Support
1180,Beginner,Seo
1181,Intermediate,Seo
1182,Intermediate,Seo
1183,Intermediate,Customer Support
1184,Expert,Customer Support
1185,Intermediate,Data Entry
1186,Beginner,Digital Marketing
1187,Expert,Data Entry
1188,Beginner,Seo
1189,Intermediate,App Development
1190,Beginner,Content Writing
1191,Expert,Graphic Design
1192,Expert,Graphic Design
1193,Beginner,Data Entry
1194,Beginner,Seo
1195,Beginner,Customer Support
1196,Expert,Web Development
1197,Intermediate,App Development
1198,Beginner,Data Entry
1199,Intermediate,Seo
1200,Expert,Digital Marketing
1201,Beginner,Graphic Design
1202,Beginner,Graphic Design
1203,Expert,App Development
1204,Beginner,Graphic Design
1205,Intermediate,Web Development
1206,Expert,Seo
1207,Expert,Seo
1208,Beginner,App Development
1209,Expert,Seo
1210,Beginner,Customer Support
1211,Beginner,App Development
1212,Expert,Seo
1213,Beginner,Web Development
1214,Intermediate,Content Writing
1215,Intermediate,Data Entry
1216,Beginner,Data Entry
1217,Intermediate,Seo
1218,Beginner,Digital Marketing
1219,Intermediate,Graphic Design
1220,Expert,Web Development
1221,Beginner,Digital Marketing
1222,Beginner,Customer Support
1223,Beginner,Digital Marketing
1224,Beginner,Seo
1225,Beginner,Web Development
1226,Beginner,Data Entry
1227,Expert,Graphic Design
1228,Expert,Data Entry
1229,Intermediate,Digital Marketing
1230,Beginner,Customer Support
1231,Intermediate,Graphic Design
1232,Intermediate,Content Writing
1233,Expert,Digital Marketing
1234,Intermediate,Data Entry
1235,Expert,Data Entry
1236,Intermediate,Seo
1237,Beginner,Data Entry
1238,Intermediate,Web Development
1239,Expert,Digital Marketing
1240,Expert,App Development
1241,Expert,App Development
1242,Intermediate,Customer Support
1243,Intermediate,Graphic Design
1244,Expert,Data Entry
1245,Beginner,Seo
1246,Beginner,Seo
1247,Intermediate,Data Entry
1248,Intermediate,Web Development
1249,Expert,Seo
1250,Intermediate,App Development
1251,Intermediate,Graphic Design
1252,Expert,Digital Marketing
1253,Expert,Content Writing
1254,Intermediate,Web Development
1255,Beginner,Customer Support
1256,Intermediate,Customer Support
1257,Beginner,Seo
1258,Beginner,Digital Marketing
1259,Beginner,Content Writing
1260,Expert,Customer Support
1261,Expert,Data Entry
1262,Expert,Data Entry
1263,Intermediate,Graphic Design
1264,Expert,Content Writing
1265,Expert,Data Entry
1266,Intermediate,Customer Support
1267,Intermediate,Data Entry
1268,Beginner,App Development
1269,Intermediate,Seo
1270,Intermediate,Customer Support
1271,Expert,Customer Support
1272,Beginner,Customer Support
1273,Beginner,Graphic Design
1274,Intermediate,Digital Marketing
1275,Expert,Customer Support
1276,Expert,Data Entry
1277,Expert,App Development
1278,Expert,Customer Support
1279,Intermediate,Web Development
1280,Expert,Web Development
1281,Beginner,Digital Marketing
1282,Beginner,Content Writing
1283,Intermediate,Graphic Design
1284,Expert,App Development
1285,Expert,Seo
1286,Expert,App Development
1287,Expert,Web Development
1288,Intermediate,Web Development
1289,Expert,Digital Marketing
1290,Intermediate,Content Writing
1291,Expert,Content Writing
1292,Expert,Digital Marketing
1293,Beginner,Customer Support
1294,Intermediate,App Development
1295,Beginner,Web Development
1296,Intermediate,App Development
1297,Expert,App Development
1298,Expert,Graphic Design
1299,Intermediate,Web Development
1300,Beginner,Content Writing
1301,Intermediate,Seo
1302,Intermediate,App Development
1303,Expert,Web Development
1304,Beginner,App Development
1305,Intermediate,Graphic Design
1306,Beginner,Customer Support
1307,Beginner,Data Entry
1308,Intermediate,Web Development
1309,Beginner,Digital Marketing
1310,Expert,Data Entry
1311,Expert,App Development
1312,Expert,Digital Marketing
1313,Expert,Digital Marketing
1314,Beginner,Digital Marketing
1315,Expert,Web Development
1316,Intermediate,Content Writing
1317,Expert,App Development
1318,Intermediate,Data Entry
1319,Intermediate,Graphic Design
1320,Expert,Content Writing
1321,Expert,App Development
1322,Beginner,Customer Support
1323,Intermediate,Customer Support
1324,Expert,Web Development
1325,Beginner,Digital Marketing
1326,Expert,Graphic Design
1327,Expert,App Development
1328,Expert,Data Entry
1329,Intermediate,App Development
1330,Expert,Content Writing
1331,Beginner,Customer Support
1332,Expert,Seo
1333,Expert,Content Writing
1334,Beginner,App Development
1335,Beginner,Graphic Design
1336,Intermediate,App Development
1337,Intermediate,App Development
1338,Intermediate,Web Development
1339,Intermediate,Data Entry
1340,Beginner,Graphic Design
1341,Expert,App Development
1342,Expert,Digital Marketing
1343,Expert,Data Entry
1344,Intermediate,Content Writing
1345,Beginner,Graphic Design
1346,Beginner,Content Writing
1347,Beginner,Customer Support
1348,Expert,App Development
1349,Intermediate,Content Writing
1350,Beginner,Content Writing
1351,Intermediate,Web Development
1352,Beginner,Content Writing
1353,Intermediate,Digital Marketing
1354,Beginner,Digital Marketing
1355,Intermediate,Data Entry
1356,Beginner,App Development
1357,Beginner,Seo
1358,Intermediate,Customer Support
1359,Intermediate,Content Writing
1360,Expert,Content Writing
1361,Intermediate,Graphic Design
1362,Beginner,Web Development
1363,Beginner,Seo
1364,Intermediate,Data Entry
1365,Expert,Customer Support
1366,Intermediate,Seo
1367,Beginner,Content Writing
1368,Beginner,Graphic Design
1369,Expert,App Development
1370,Intermediate,Web Development
1371,Beginner,App Development
1372,Beginner,Data Entry
1373,Beginner,Seo
1374,Intermediate,Data Entry
1375,Intermediate,Content Writing
1376,Expert,Data Entry
1377,Beginner,App Development
1378,Beginner,Graphic Design
1379,Expert,Data Entry
1380,Beginner,Digital Marketing
1381,Expert,Graphic Design
1382,Expert,Seo
1383,Beginner,Web Development
1384,Intermediate,Web Development
1385,Intermediate,Content Writing
1386,Intermediate,Content Writing
1387,Intermediate,Digital Marketing
1388,Beginner,Seo
1389,Expert,App Development
1390,Expert,Web Development
1391,Beginner,Web Development
1392,Intermediate,Web Development
1393,Expert,App Development
1394,Beginner,Web Development
1395,Beginner,Data Entry
1396,Intermediate,Seo
1397,Beginner,Graphic Design
1398,Expert,Graphic Design
1399,Expert,Digital Marketing
1400,Beginner,Data Entry
1401,Expert,Web Development
1402,Beginner,Web Development
1403,Expert,Content Writing
1404,Intermediate,Content Writing
1405,Expert,Digital Marketing
1406,Intermediate,Web Development
1407,Intermediate,Digital Marketing
1408,Beginner,Data Entry
1409,Intermediate,Graphic Design
1410,Expert,Web Development
1411,Expert,Seo
1412,Intermediate,App Development
1413,Beginner,Data Entry
1414,Intermediate,Web Development
1415,Expert,App Development
1416,Expert,Seo
1417,Intermediate,Content Writing
1418,Intermediate,Digital Marketing
1419,Intermediate,Content Writing
1420,Expert,Graphic Design
1421,Expert,Content Writing
1422,Expert,Web Development
1423,Beginner,Seo
1424,Expert,Content Writing
1425,Expert,Web Development
1426,Beginner,Graphic Design
1427,Beginner,App Development
1428,Beginner,Seo
1429,Beginner,Content Writing
1430,Beginner,Digital Marketing
1431,Beginner,Digital Marketing
1432,Intermediate,Seo
1433,Intermediate,Digital Marketing
1434,Intermediate,Content Writing
1435,Intermediate,Content Writing
1436,Expert,Seo
1437,Beginner,Content Writing
1438,Expert,App Development
1439,Beginner,Web Development
1440,Beginner,Graphic Design
1441,Expert,App Development
1442,Intermediate,App Development
1443,Expert,Digital Marketing
1444,Expert,Web Development
1445,Beginner,Seo
1446,Beginner,Customer Support
1447,Beginner,Digital Marketing
1448,Intermediate,Web Development
1449,Expert,Content Writing
1450,Expert,Seo
1451,Intermediate,Customer Support
1452,Expert,Seo
1453,Expert,Customer Support
1454,Beginner,Customer Support
1455,Intermediate,Digital Marketing
1456,Beginner,Content Writing
1457,Intermediate,Digital Marketing
1458,Beginner,Customer Support
1459,Expert,Customer Support
1460,Intermediate,Data Entry
1461,Intermediate,Web Development
1462,Beginner,Data Entry
1463,Intermediate,Web Development
1464,Expert,Graphic Design
1465,Expert,App Development
1466,Expert,Seo
1467,Beginner,Digital Marketing
1468,Intermediate,Graphic Design
1469,Beginner,Graphic Design
1470,Expert,Seo
1471,Intermediate,Seo
1472,Expert,Web Development
1473,Intermediate,Data Entry
1474,Intermediate,Content Writing
1475,Beginner,Web Development
1476,Intermediate,Content Writing
1477,Expert,Graphic Design
1478,Intermediate,Content Writing
1479,Expert,Data Entry
1480,Beginner,Web Development
1481,Expert,Customer Support
1482,Intermediate,Seo
1483,Expert,Customer Support
1484,Expert,Data Entry
1485,Intermediate,App Development
1486,Expert,Data Entry
1487,Intermediate,App Development
1488,Beginner,Web Development
1489,Expert,Seo
1490,Beginner,Data Entry
1491,Expert,Customer Support
1492,Expert,App Development
1493,Beginner,Seo
1494,Expert,Digital Marketing
1495,Expert,Digital Marketing
1496,Beginner,Digital Marketing
1497,Expert,Content Writing
1498,Intermediate,Data Entry
1499,Expert,Web Development
1500,Expert,Customer Support
1501,Expert,Web Development
1502,Beginner,Content Writing
1503,Intermediate,Web Development
1504,Intermediate,App Development
1505,Expert,Digital Marketing
1506,Beginner,Customer Support
1507,Beginner,Data Entry
1508,Intermediate,Web Development
1509,Beginner,Web Development
1510,Expert,Graphic Design
1511,Expert,Graphic Design
1512,Beginner,Graphic Design
1513,Expert,Data Entry
1514,Intermediate,Digital Marketing
1515,Expert,Seo
1516,Beginner,Digital Marketing
1517,Intermediate,Customer Support
1518,Expert,Digital Marketing
1519,Intermediate,Data Entry
1520,Beginner,App Development
1521,Expert,App Development
1522,Expert,Data Entry
1523,Intermediate,Graphic Design
1524,Expert,Web Development
1525,Expert,Content Writing
1526,Expert,Content Writing
1527,Expert,Seo
1528,Beginner,Web Development
1529,Expert,Seo
1530,Intermediate,Graphic Design
1531,Beginner,Seo
1532,Intermediate,Web Development
1533,Intermediate,Customer Support
1534,Intermediate,Web Development
1535,Beginner,Content Writing
1536,Beginner,App Development
1537,Beginner,Graphic Design
1538,Expert,Customer Support
1539,Intermediate,Data Entry
1540,Beginner,Customer Support
1541,Intermediate,Customer Support
1542,Beginner,Seo
1543,Beginner,Content Writing
1544,Beginner,Seo
1545,Intermediate,Seo
1546,Expert,Data Entry
1547,Beginner,Graphic Design
1548,Beginner,Web Development
1549,Beginner,Digital Marketing
1550,Expert,Seo
1551,Intermediate,Digital Marketing
1552,Intermediate,Graphic Design
1553,Intermediate,Digital Marketing
1554,Intermediate,Seo
1555,Beginner,Data Entry
1556,Expert,Digital Marketing
1557,Beginner,Graphic Design
1558,Expert,Graphic Design
1559,Intermediate,App Development
1560,Expert,App Development
1561,Beginner,Data Entry
1562,Beginner,Digital Marketing
1563,Intermediate,Digital Marketing
1564,Beginner,App Development
1565,Beginner,Web Development
1566,Expert,Content Writing
1567,Beginner,Graphic Design
1568,Intermediate,Web Development
1569,Intermediate,Graphic Design
1570,Beginner,Customer Support
1571,Intermediate,Customer Support
1572,Expert,Web Development
1573,Expert,Customer Support
1574,Beginner,App Development
1575,Beginner,App Development
1576,Expert,Content Writing
1577,Intermediate,Web Development
1578,Beginner,Graphic Design
1579,Beginner,Digital Marketing
1580,Intermediate,Graphic Design
1581,Beginner,Seo
1582,Intermediate,App Development
1583,Intermediate,Data Entry
1584,Intermediate,Data Entry
1585,Intermediate,App Development
1586,Intermediate,Seo
1587,Expert,Data Entry
1588,Intermediate,Customer Support
1589,Expert,App Development
1590,Intermediate,Data Entry
1591,Beginner,App Development
1592,Expert,Content Writing
1593,Beginner,Digital Marketing
1594,Intermediate,Digital Marketing
1595,Intermediate,Graphic Design
1596,Beginner,Seo
1597,Intermediate,App Development
1598,Beginner,Web Development
1599,Intermediate,Graphic Design
1600,Intermediate,Graphic Design
1601,Expert,App Development
1602,Beginner,App Development
1603,Intermediate,Graphic Design
1604,Beginner,Graphic Design
1605,Expert,Digital Marketing
1606,Beginner,Web Development
1607,Expert,Customer Support
1608,Beginner,Graphic Design
1609,Beginner,Customer Support
1610,Expert,Digital Marketing
1611,Intermediate,Graphic Design
1612,Intermediate,Data Entry
1613,Intermediate,Graphic Design
1614,Beginner,App Development
1615,Beginner,Seo
1616,Intermediate,Seo
1617,Beginner,Graphic Design
1618,Beginner,Content Writing
1619,Intermediate,Data Entry
1620,Expert,Web Development
1621,Beginner,Graphic Design
1622,Beginner,Customer Support
1623,Beginner,Web Development
1624,Beginner,Data Entry
1625,Expert,Graphic Design
1626,Intermediate,Content Writing
1627,Beginner,Digital Marketing
1628,Intermediate,Content Writing
1629,Beginner,App Development
1630,Expert,Content Writing
1631,Intermediate,Customer Support
1632,Expert,Digital Marketing
1633,Beginner,App Development
1634,Expert,Digital Marketing
1635,Expert,Seo
1636,Beginner,Digital Marketing
1637,Beginner,Graphic Design
1638,Intermediate,Web Development
1639,Beginner,Seo
1640,Intermediate,Seo
1641,Expert,Web Development
1642,Expert,Customer Support
1643,Intermediate,Seo
1644,Beginner,Digital Marketing
1645,Beginner,Content Writing
1646,Expert,Data Entry
1647,Intermediate,Customer Support
1648,Expert,Digital Marketing
1649,Expert,App Development
1650,Beginner,App Development
1651,Intermediate,Content Writing
1652,Expert,Customer Support
1653,Beginner,Customer Support
1654,Expert,Content Writing
1655,Expert,Customer Support
1656,Beginner,Seo
1657,Beginner,Graphic Design
1658,Intermediate,Graphic Design
1659,Expert,Customer Support
1660,Intermediate,Seo
1661,Beginner,Seo
1662,Beginner,Web Development
1663,Expert,Web Development
1664,Intermediate,Data Entry
1665,Intermediate,Data Entry
1666,Expert,Data Entry
1667,Expert,Data Entry
1668,Intermediate,Content Writing
1669,Beginner,Content Writing
1670,Beginner,Web Development
1671,Expert,Graphic Design
1672,Intermediate,Seo
1673,Intermediate,App Development
1674,Intermediate,Graphic Design
1675,Beginner,Digital Marketing
1676,Beginner,Content Writing
1677,Intermediate,Data Entry
1678,Intermediate,Data Entry
1679,Expert,Digital Marketing
1680,Expert,Graphic Design
1681,Intermediate,Data Entry
1682,Intermediate,Graphic Design
1683,Beginner,Seo
1684,Intermediate,Digital Marketing
1685,Expert,App Development
1686,Beginner,Graphic Design
1687,Expert,Seo
1688,Expert,Customer Support
1689,Beginner,Customer Support
1690,Expert,Graphic Design
1691,Intermediate,Customer Support
1692,Expert,Graphic Design
1693,Beginner,Data Entry
1694,Beginner,Web Development
1695,Beginner,Customer Support
1696,Expert,Content Writing
1697,Intermediate,Graphic Design
1698,Beginner,Graphic Design
1699,Intermediate,Graphic Design
1700,Beginner,Web Development
1701,Intermediate,Seo
1702,Intermediate,Customer Support
1703,Intermediate,App Development
1704,Beginner,App Development
1705,Expert,Digital Marketing
1706,Expert,Data Entry
1707,Expert,Web Development
1708,Intermediate,Seo
1709,Beginner,Graphic Design
1710,Intermediate,Seo
1711,Beginner,Web Development
1712,Intermediate,Web Development
1713,Beginner,Web Development
1714,Beginner,Digital Marketing
1715,Beginner,Content Writing
1716,Intermediate,Data Entry
1717,Expert,Digital Marketing
1718,Intermediate,Digital Marketing
1719,Intermediate,Customer Support
1720,Beginner,Content Writing
1721,Beginner,Digital Marketing
1722,Expert,Web Development
1723,Expert,Web Development
1724,Beginner,Customer Support
1725,Expert,Seo
1726,Expert,Graphic Design
1727,Beginner,Digital Marketing
1728,Intermediate,Graphic Design
1729,Expert,Data Entry
1730,Beginner,App Development
1731,Expert,Web Development
1732,Expert,Seo
1733,Beginner,Data Entry
1734,Expert,Customer Support
1735,Expert,Seo
1736,Expert,App Development
1737,Intermediate,App Development
1738,Intermediate,Customer Support
1739,Expert,Content Writing
1740,Beginner,Customer Support
1741,Expert,Web Development
1742,Expert,Data Entry
1743,Intermediate,Content Writing
1744,Intermediate,App Development
1745,Intermediate,Data Entry
1746,Expert,Seo
1747,Expert,Content Writing
1748,Beginner,Content Writing
1749,Expert,Web Development
1750,Expert,Customer Support
1751,Intermediate,Graphic Design
1752,Intermediate,Seo
1753,Intermediate,Seo
1754,Intermediate,Customer Support
1755,Intermediate,Content Writing
1756,Beginner,Content Writing
1757,Beginner,Web Development
1758,Beginner,Graphic Design
1759,Intermediate,Seo
1760,Intermediate,App Development
1761,Intermediate,Digital Marketing
1762,Beginner,Digital Marketing
1763,Intermediate,Graphic Design
1764,Beginner,Data Entry
1765,Intermediate,Web Development
1766,Expert,Graphic Design
1767,Beginner,Customer Support
1768,Expert,Customer Support
1769,Beginner,Digital Marketing
1770,Intermediate,Content Writing
1771,Intermediate,Digital Marketing
1772,Expert,Content Writing
1773,Intermediate,Web Development
1774,Beginner,Content Writing
1775,Intermediate,Graphic Design
1776,Intermediate,Content Writing
1777,Beginner,Data Entry
1778,Expert,Customer Support
1779,Expert,Graphic Design
1780,Intermediate,Customer Support
1781,Beginner,Web Development
1782,Expert,Graphic Design
1783,Expert,Data Entry
1784,Intermediate,Web Development
1785,Beginner,Digital Marketing
1786,Expert,Data Entry
1787,Intermediate,Web Development
1788,Intermediate,App Development
1789,Intermediate,Content Writing
1790,Intermediate,Graphic Design
1791,Expert,Web Development
1792,Beginner,Graphic Design
1793,Intermediate,Content Writing
1794,Intermediate,Web Development
1795,Expert,Digital Marketing
1796,Intermediate,App Development
1797,Intermediate,App Development
1798,Beginner,Data Entry
1799,Intermediate,Web Development
1800,Expert,Content Writing
1801,Beginner,Web Development
1802,Expert,Graphic Design
1803,Beginner,Seo
1804,Beginner,Customer Support
1805,Intermediate,Web Development
1806,Intermediate,App Development
1807,Intermediate,App Development
1808,Expert,Customer Support
1809,Intermediate,App Development
1810,Intermediate,Digital Marketing
1811,Beginner,Web Development
1812,Intermediate,Data Entry
1813,Intermediate,Web Development
1814,Intermediate,Seo
1815,Intermediate,App Development
1816,Beginner,Graphic Design
1817,Intermediate,App Development
1818,Beginner,Web Development
1819,Expert,Digital Marketing
1820,Intermediate,Content Writing
1821,Intermediate,Web Development
1822,Intermediate,Web Development
1823,Beginner,Data Entry
1824,Intermediate,Digital Marketing
1825,Intermediate,Seo
1826,Expert,Content Writing
1827,Beginner,App Development
1828,Beginner,Graphic Design
1829,Expert,Web Development
1830,Beginner,Seo
1831,Intermediate,Content Writing
1832,Intermediate,Graphic Design
1833,Expert,Seo
1834,Beginner,Digital Marketing
1835,Beginner,Digital Marketing
1836,Beginner,Content Writing
1837,Expert,App Development
1838,Intermediate,Customer Support
1839,Expert,Graphic Design
1840,Intermediate,Digital Marketing
1841,Expert,Customer Support
1842,Intermediate,Content Writing
1843,Beginner,Digital Marketing
1844,Beginner,Digital Marketing
1845,Beginner,Seo
1846,Expert,Customer Support
1847,Expert,Seo
1848,Expert,Digital Marketing
1849,Beginner,Customer Support
1850,Intermediate,Data Entry
1851,Beginner,Customer Support
1852,Beginner,Seo
1853,Intermediate,Graphic Design
1854,Intermediate,Content Writing
1855,Intermediate,Content Writing
1856,Intermediate,App Development
1857,Beginner,Graphic Design
1858,Expert,Graphic Design
1859,Beginner,Graphic Design
1860,Intermediate,App Development
1861,Expert,Graphic Design
1862,Expert,Web Development
1863,Beginner,App Development
1864,Beginner,Content Writing
1865,Beginner,Web Development
1866,Expert,App Development
1867,Expert,Digital Marketing
1868,Expert,Digital Marketing
1869,Intermediate,Content Writing
1870,Intermediate,Digital Marketing
1871,Beginner,Graphic Design
1872,Expert,App Development
1873,Beginner,Web Development
1874,Expert,Graphic Design
1875,Beginner,Digital Marketing
1876,Intermediate,Seo
1877,Expert,Customer Support
1878,Intermediate,Web Development
1879,Expert,Graphic Design
1880,Beginner,App Development
1881,Expert,Content Writing
1882,Intermediate,Graphic Design
1883,Expert,Seo
1884,Beginner,Digital Marketing
1885,Expert,Web Development
1886,Intermediate,Content Writing
1887,Beginner,Web Development
1888,Intermediate,Content Writing
1889,Expert,Customer Support
1890,Intermediate,App Development
1891,Expert,Web Development
1892,Beginner,Digital Marketing
1893,Intermediate,App Development
1894,Intermediate,App Development
1895,Expert,Customer Support
1896,Intermediate,Content Writing
1897,Intermediate,Data Entry
1898,Beginner,Web Development
1899,Expert,Web Development
1900,Expert,Graphic Design
1901,Beginner,Content Writing
1902,Beginner,Seo
1903,Expert,Data Entry
1904,Beginner,Digital Marketing
1905,Beginner,Graphic Design
1906,Beginner,Customer Support
1907,Expert,Data Entry
1908,Beginner,Content Writing
1909,Intermediate,Data Entry
1910,Intermediate,Customer Support
1911,Expert,App Development
1912,Beginner,Web Development
1913,Intermediate,App Development
1914,Expert,Web Development
1915,Intermediate,Graphic Design
1916,Beginner,Customer Support
1917,Expert,Content Writing
1918,Intermediate,Content Writing
1919,Expert,Data Entry
1920,Intermediate,Graphic Design
1921,Intermediate,Content Writing
1922,Beginner,Seo
1923,Beginner,Seo
1924,Intermediate,App Development
1925,Expert,Web Development
1926,Expert,Data Entry
1927,Beginner,Digital Marketing
1928,Intermediate,Customer Support
1929,Beginner,Web Development
1930,Intermediate,Graphic Design
1931,Intermediate,Content Writing
1932,Beginner,Web Development
1933,Expert,Digital Marketing
1934,Beginner,Digital Marketing
1935,Intermediate,Seo
1936,Beginner,Graphic Design
1937,Expert,Web Development
1938,Expert,Data Entry
1939,Intermediate,Web Development
1940,Beginner,Seo
1941,Expert,App Development
1942,Beginner,Digital Marketing
1943,Expert,Graphic Design
1944,Intermediate,Graphic Design
1945,Intermediate,Data Entry
1946,Beginner,Graphic Design
1947,Intermediate,Seo
1948,Expert,Seo
1949,Intermediate,Seo
1950,Expert,Graphic Design
